number,value,datetime_start,datetime_complete,duration,params_eta,params_max_depth,params_subsample,state
32,0.6558526525404298,2025-08-04 14:21:28.219049,2025-08-04 14:21:29.639595,0 days 00:00:01.420546,0.06711431684622068,5,0.8248113168090216,COMPLETE
16,0.6558035007789134,2025-08-04 14:20:56.244777,2025-08-04 14:20:58.128015,0 days 00:00:01.883238,0.195507954884183,5,0.8099733389258673,COMPLETE
31,0.655444247607204,2025-08-04 14:21:26.796702,2025-08-04 14:21:28.217235,0 days 00:00:01.420533,0.06087824221651854,5,0.8279064583979264,COMPLETE
33,0.6554044183564729,2025-08-04 14:21:29.641274,2025-08-04 14:21:31.015148,0 days 00:00:01.373874,0.06102588189026095,5,0.8645313795648328,COMPLETE
45,0.6550571496933518,2025-08-04 14:21:46.952171,2025-08-04 14:21:48.640298,0 days 00:00:01.688127,0.027612977995183835,5,0.8301810323519011,COMPLETE
23,0.6550185785227616,2025-08-04 14:21:12.792886,2025-08-04 14:21:14.696732,0 days 00:00:01.903846,0.04429555238665912,5,0.8189733524840634,COMPLETE
14,0.6549236956698703,2025-08-04 14:20:52.578485,2025-08-04 14:20:54.394125,0 days 00:00:01.815640,0.11669433175848182,5,0.8114620103454219,COMPLETE
13,0.6549097350546271,2025-08-04 14:20:50.736387,2025-08-04 14:20:52.576661,0 days 00:00:01.840274,0.05630785806532898,5,0.8468366944444554,COMPLETE
38,0.6546867479367298,2025-08-04 14:21:36.623835,2025-08-04 14:21:38.140506,0 days 00:00:01.516671,0.1404159180221441,5,0.8588346265942468,COMPLETE
29,0.6545530955688472,2025-08-04 14:21:23.400499,2025-08-04 14:21:25.040692,0 days 00:00:01.640193,0.03872139621007607,6,0.8672619748414506,COMPLETE
36,0.6545435915184018,2025-08-04 14:21:33.843054,2025-08-04 14:21:35.229305,0 days 00:00:01.386251,0.0722826107713534,5,0.8385951595902434,COMPLETE
5,0.6545272247716719,2025-08-04 14:20:39.242856,2025-08-04 14:20:40.547755,0 days 00:00:01.304899,0.09491472369434828,5,0.8739082174261938,COMPLETE
41,0.6544605533576885,2025-08-04 14:21:41.028920,2025-08-04 14:21:42.749778,0 days 00:00:01.720858,0.04318999150927691,5,0.8277406946929822,COMPLETE
20,0.6543959119186449,2025-08-04 14:21:03.464446,2025-08-04 14:21:07.925145,0 days 00:00:04.460699,0.11854616887977175,5,0.80886298266738,COMPLETE
25,0.6543039104793479,2025-08-04 14:21:16.472405,2025-08-04 14:21:18.222093,0 days 00:00:01.749688,0.2386702420641467,5,0.8224411093738702,COMPLETE
46,0.6542512403264966,2025-08-04 14:21:48.642250,2025-08-04 14:21:50.092891,0 days 00:00:01.450641,0.01899787131924347,5,0.8755385660364915,COMPLETE
48,0.6542379545460703,2025-08-04 14:21:51.600967,2025-08-04 14:21:53.358347,0 days 00:00:01.757380,0.10250041450927153,6,0.7793177591002878,COMPLETE
0,0.6542050530647667,2025-08-04 14:20:33.219769,2025-08-04 14:20:34.576669,0 days 00:00:01.356900,0.04929156746660892,6,0.8797816919659507,COMPLETE
22,0.65395666656299,2025-08-04 14:21:10.849300,2025-08-04 14:21:12.791099,0 days 00:00:01.941799,0.11466109609111855,5,0.8551608265434923,COMPLETE
42,0.653939635372452,2025-08-04 14:21:42.751564,2025-08-04 14:21:44.173187,0 days 00:00:01.421623,0.0502545905532757,5,0.8820360008867985,COMPLETE
21,0.6537790997264932,2025-08-04 14:21:07.927763,2025-08-04 14:21:10.847035,0 days 00:00:02.919272,0.06430049625914845,5,0.8444464138103839,COMPLETE
11,0.6536948100888922,2025-08-04 14:20:46.715348,2025-08-04 14:20:48.451791,0 days 00:00:01.736443,0.01762059290111731,5,0.8951140606504847,COMPLETE
44,0.6536923000032386,2025-08-04 14:21:45.553500,2025-08-04 14:21:46.950674,0 days 00:00:01.397174,0.07131260413935052,5,0.8498627534650871,COMPLETE
12,0.6535549825581235,2025-08-04 14:20:48.453517,2025-08-04 14:20:50.734373,0 days 00:00:02.280856,0.07790041676884461,6,0.8377249058974205,COMPLETE
35,0.6534939424789775,2025-08-04 14:21:32.394604,2025-08-04 14:21:33.841211,0 days 00:00:01.446607,0.010292836249309358,5,0.8827471482587601,COMPLETE
30,0.6533830374241868,2025-08-04 14:21:25.042660,2025-08-04 14:21:26.795334,0 days 00:00:01.752674,0.17733660571393517,6,0.7851747903023878,COMPLETE
27,0.653214109104542,2025-08-04 14:21:20.125062,2025-08-04 14:21:21.776159,0 days 00:00:01.651097,0.17106946739287968,5,0.7602796821136529,COMPLETE
15,0.6531712371571896,2025-08-04 14:20:54.395842,2025-08-04 14:20:56.243381,0 days 00:00:01.847539,0.13947693456063717,5,0.7428006335945628,COMPLETE
19,0.653163317709462,2025-08-04 14:21:01.656676,2025-08-04 14:21:03.462583,0 days 00:00:01.805907,0.16021306431797364,6,0.7300515961136115,COMPLETE
10,0.6530876873017668,2025-08-04 14:20:45.213396,2025-08-04 14:20:46.713365,0 days 00:00:01.499969,0.08513989847212887,5,0.769665660293774,COMPLETE
49,0.6529326768254773,2025-08-04 14:21:53.359975,2025-08-04 14:21:54.917631,0 days 00:00:01.557656,0.08159305608677234,5,0.7576102329895891,COMPLETE
43,0.6525823422540629,2025-08-04 14:21:44.174710,2025-08-04 14:21:45.551742,0 days 00:00:01.377032,0.02785927828782598,5,0.7971619557952131,COMPLETE
2,0.6520687102852805,2025-08-04 14:20:35.631258,2025-08-04 14:20:36.768523,0 days 00:00:01.137265,0.20063659978660092,4,0.8892715257750172,COMPLETE
17,0.6517505171275099,2025-08-04 14:20:58.129365,2025-08-04 14:21:00.035678,0 days 00:00:01.906313,0.19067498147280199,5,0.7731213139752537,COMPLETE
39,0.6514561031678701,2025-08-04 14:21:38.141900,2025-08-04 14:21:39.768646,0 days 00:00:01.626746,0.21480792971326923,6,0.7917390220886876,COMPLETE
8,0.6509605674575536,2025-08-04 14:20:42.737332,2025-08-04 14:20:44.252090,0 days 00:00:01.514758,0.2756491021524073,6,0.6833092119912623,COMPLETE
37,0.6503656899110414,2025-08-04 14:21:35.230698,2025-08-04 14:21:36.621750,0 days 00:00:01.391052,0.10273550889945537,4,0.8290597372277513,COMPLETE
47,0.6498919783284508,2025-08-04 14:21:50.094804,2025-08-04 14:21:51.599166,0 days 00:00:01.504362,0.056900099577528965,4,0.8291862874322898,COMPLETE
18,0.6498745007435952,2025-08-04 14:21:00.037379,2025-08-04 14:21:01.655369,0 days 00:00:01.617990,0.21974827014477447,4,0.8056854417426638,COMPLETE
26,0.6498168007790346,2025-08-04 14:21:18.224058,2025-08-04 14:21:20.123084,0 days 00:00:01.899026,0.035331404846770706,6,0.7148956495768806,COMPLETE
1,0.6496010672253009,2025-08-04 14:20:34.578024,2025-08-04 14:20:35.629710,0 days 00:00:01.051686,0.13921476757380258,4,0.6772789305903477,COMPLETE
3,0.6494808574520061,2025-08-04 14:20:36.769911,2025-08-04 14:20:37.865593,0 days 00:00:01.095682,0.2422854977121376,4,0.8403174259775985,COMPLETE
7,0.6491905769544686,2025-08-04 14:20:41.580211,2025-08-04 14:20:42.735975,0 days 00:00:01.155764,0.29638454414934673,4,0.6369862138579063,COMPLETE
34,0.6489295270527878,2025-08-04 14:21:31.016994,2025-08-04 14:21:32.392441,0 days 00:00:01.375447,0.06358812191066801,4,0.8654692278692435,COMPLETE
28,0.6487529788906892,2025-08-04 14:21:21.777698,2025-08-04 14:21:23.398670,0 days 00:00:01.620972,0.12579773876815542,4,0.8178217602726094,COMPLETE
4,0.6484578963663399,2025-08-04 14:20:37.867022,2025-08-04 14:20:39.241935,0 days 00:00:01.374913,0.022098212117437822,6,0.6009513350265883,COMPLETE
24,0.6478577550318312,2025-08-04 14:21:14.699041,2025-08-04 14:21:16.470777,0 days 00:00:01.771736,0.1934753070997363,4,0.7862512414038051,COMPLETE
9,0.6376232518680942,2025-08-04 14:20:44.253478,2025-08-04 14:20:45.212389,0 days 00:00:00.958911,0.16069956973980853,3,0.6043882058472662,COMPLETE
6,0.6364695845181069,2025-08-04 14:20:40.549559,2025-08-04 14:20:41.578828,0 days 00:00:01.029269,0.0970333513759446,3,0.7999176314709986,COMPLETE
40,0.63572848889181,2025-08-04 14:21:39.770452,2025-08-04 14:21:41.027419,0 days 00:00:01.256967,0.08995906356873634,3,0.895973086665599,COMPLETE
